home_team,away_team,p_home_book,p_draw_book,p_away_book
Bayer Leverkusen,Bayern Munich,0.20365386539894628,0.21197016195876925,0.5843759726422845
Borussia Dortmund,Augsburg,0.679636003571651,0.1916302534877621,0.1287337429405869
Borussia Monchengladbach,FC St. Pauli,0.48665767274739685,0.2777888087016743,0.2355535185509289
Eintracht Frankfurt,1. FC Heidenheim,0.6245440475808701,0.21142811584359714,0.16402783657553274
Hamburger SV,1. FC Köln,0.4489780433457175,0.2664474089132379,0.28457454774104457
SC Freiburg,Union Berlin,0.4365543529183786,0.2882414487523531,0.27520419832926835
TSG Hoffenheim,VfL Wolfsburg,0.6219770144706928,0.20632496242531218,0.1716980231039951
VfB Stuttgart,RB Leipzig,0.4192696497717054,0.24247816686309362,0.338252183365201
Werder Bremen,FSV Mainz 05,0.4055031589098403,0.2693705989115355,0.32512624217862424
